<FindBugsFilter>
    <Match>
        <Class name="~.*\.*Test" />
        <Bug pattern="RV_RETURN_VALUE_IGNORED_NO_SIDE_EFFECT" />
    </Match>
    <Match>
        <Class name="~.*\.*Test" />
        <Bug pattern="SS_SHOULD_BE_STATIC" />
    </Match>
    <Match>
        <Class name="~.*\.*Test" />
        <Bug pattern="NP_NONNULL_PARAM_VIOLATION" />
    </Match>
    <Match>
        <Class name="~.*\.*MapperImpl" />
        <Bug pattern="RCN_REDUNDANT_NULLCHECK_OF_NONNULL_VALUE" />
    </Match>
    <Match>
        <Class name="~.*\.*MapperImpl" />
        <Bug pattern="RpC_REPEATED_CONDITIONAL_TEST" />
    </Match>
</FindBugsFilter>